{"loss": [0.7417494654655457, 0.6112326979637146, 0.5293948650360107, 0.4797248840332031, 0.44717153906822205, 0.41569626331329346, 0.3877119719982147, 0.35982322692871094, 0.3409948945045471, 0.3121204674243927, 0.3082253336906433, 0.2876010835170746, 0.2732083201408386, 0.24461571872234344, 0.23392002284526825, 0.22602811455726624, 0.20623447000980377, 0.19882947206497192, 0.18929386138916016, 0.1781166046857834, 0.16608001291751862, 0.15832456946372986, 0.14583922922611237, 0.13796445727348328, 0.12669141590595245, 0.12243624031543732, 0.11004408448934555, 0.11013415455818176, 0.1107332706451416, 0.09526844322681427, 0.08962664008140564, 0.08216328173875809, 0.08150812983512878, 0.08275584876537323, 0.06622620671987534, 0.0626777783036232, 0.06478815525770187, 0.06184988096356392, 0.06001248210668564, 0.053918641060590744], "accuracy": [0.5701754093170166, 0.6854636669158936, 0.7593985199928284, 0.786967396736145, 0.8208020329475403, 0.8395990133285522, 0.8646616339683533, 0.8771929740905762, 0.8884711861610413, 0.9010025262832642, 0.9047619104385376, 0.8997493982315063, 0.9172932505607605, 0.932330846786499, 0.9360902309417725, 0.9348371028900146, 0.9448621273040771, 0.951127827167511, 0.9486215710639954, 0.9598997235298157, 0.9598997235298157, 0.9661654233932495, 0.9724310636520386, 0.9711779356002808, 0.981203019618988, 0.9799498915672302, 0.9824561476707458, 0.9799498915672302, 0.9786967635154724, 0.9899749159812927, 0.9874686598777771, 0.9924812316894531, 0.9899749159812927, 0.9887217879295349, 0.9937343597412109, 0.9937343597412109, 0.9912280440330505, 0.9937343597412109, 0.9974937438964844, 0.9962406158447266], "val_loss": [0.7355508208274841, 0.7226592898368835, 0.6600187420845032, 0.6260420083999634, 0.6163546442985535, 0.5924144983291626, 0.617314338684082, 0.5883559584617615, 0.5980576872825623, 0.5801305174827576, 0.5794590711593628, 0.5543816089630127, 0.558904230594635, 0.5359870791435242, 0.5290113687515259, 0.5222275257110596, 0.5229408740997314, 0.5076316595077515, 0.5013821721076965, 0.4980444610118866, 0.49309539794921875, 0.4886866509914398, 0.49456527829170227, 0.4829593300819397, 0.48329514265060425, 0.4906435012817383, 0.503360390663147, 0.4933857321739197, 0.5264539122581482, 0.4915826916694641, 0.518773078918457, 0.5059406757354736, 0.5203275680541992, 0.5451067090034485, 0.5099960565567017, 0.5361230969429016, 0.5468475818634033, 0.5510686635971069, 0.5491769909858704, 0.5595682263374329], "val_accuracy": [0.6000000238418579, 0.625, 0.6650000214576721, 0.7049999833106995, 0.6700000166893005, 0.6899999976158142, 0.6899999976158142, 0.6949999928474426, 0.699999988079071, 0.6949999928474426, 0.7049999833106995, 0.7149999737739563, 0.7250000238418579, 0.7250000238418579, 0.7300000190734863, 0.7450000047683716, 0.7400000095367432, 0.75, 0.7549999952316284, 0.7599999904632568, 0.7649999856948853, 0.7749999761581421, 0.7900000214576721, 0.7699999809265137, 0.7799999713897705, 0.7900000214576721, 0.8050000071525574, 0.800000011920929, 0.800000011920929, 0.8100000023841858, 0.800000011920929, 0.8149999976158142, 0.8100000023841858, 0.8050000071525574, 0.8100000023841858, 0.800000011920929, 0.8050000071525574, 0.8050000071525574, 0.8050000071525574, 0.8050000071525574]}