{"accuracy": [0.6887500286102295, 0.7737500071525574, 0.8224999904632568, 0.8037499785423279, 0.8600000143051147, 0.8187500238418579, 0.8374999761581421, 0.8037499785423279, 0.84375, 0.8725000023841858], "loss": [0.9255145192146301, 0.4749695658683777, 0.40714019536972046, 0.4490232467651367, 0.3149075508117676, 0.3840031027793884, 0.47334688901901245, 0.4027864933013916, 0.36387065052986145, 0.2960090637207031], "val_accuracy": [0.5049999952316284, 0.5049999952316284, 0.5049999952316284, 0.5049999952316284, 0.5049999952316284, 0.5049999952316284, 0.4950000047683716, 0.5049999952316284, 0.4950000047683716, 0.5049999952316284], "val_loss": [45856284672.0, 17498873856.0, 2514144512.0, 6096154112.0, 61805948928.0, 77983825920.0, 10908165120.0, 3025725952.0, 515839552.0, 3392094976.0]}