{"accuracy": [0.484375, 0.668749988079071, 0.7124999761581421, 0.714062511920929, 0.721875011920929, 0.682812511920929, 0.745312511920929, 0.721875011920929, 0.7203124761581421, 0.737500011920929], "loss": [1.8227097988128662, 0.5914093852043152, 0.5564123392105103, 0.5539007186889648, 0.5439660549163818, 0.5785790681838989, 0.5104735493659973, 0.5368093252182007, 0.5317547917366028, 0.5131624937057495], "val_accuracy": [0.5, 0.5, 0.5, 0.5, 0.5, 0.5, 0.5, 0.5, 0.5, 0.5], "val_loss": [37129035776.0, 191205703680.0, 86519554048.0, 18645602304.0, 8097179136.0, 2092769664.0, 1186284672.0, 418859904.0, 143841440.0, 69700248.0]}